# x_m,y_m,w_tr_right_m,w_tr_left_m
# TUMFTM racetrack-database (LGPL-3.0), smoothed by scripts/smooth-centerline.ts (300 passes)
-1.208,-0.934,6.167,5.970
-6.031,-2.231,6.159,5.963
-10.854,-3.527,6.151,5.957
-15.677,-4.824,6.143,5.951
-20.500,-6.120,6.135,5.945
-25.323,-7.417,6.127,5.938
-30.146,-8.713,6.119,5.932
-34.969,-10.010,6.111,5.926
-39.792,-11.306,6.103,5.920
-44.615,-12.603,6.095,5.913
-49.437,-13.899,6.087,5.907
-54.260,-15.196,6.079,5.901
-59.083,-16.493,6.071,5.895
-63.906,-17.790,6.063,5.888
-68.729,-19.087,6.056,5.882
-73.551,-20.384,6.048,5.876
-78.374,-21.681,6.040,5.869
-83.197,-22.978,6.032,5.863
-88.020,-24.276,6.024,5.857
-92.842,-25.573,6.016,5.851
-97.665,-26.870,6.008,5.844
-102.488,-28.168,6.000,5.838
-107.310,-29.465,5.992,5.832
-112.133,-30.763,5.984,5.826
-116.955,-32.061,5.976,5.819
-121.778,-33.358,5.968,5.813
-126.601,-34.656,5.960,5.807
-131.423,-35.954,5.952,5.801
-136.246,-37.252,5.945,5.794
-141.068,-38.549,5.937,5.788
-145.891,-39.847,5.929,5.782
-150.713,-41.145,5.921,5.776
-155.536,-42.443,5.913,5.769
-160.359,-43.741,5.905,5.763
-165.181,-45.039,5.897,5.757
-170.004,-46.337,5.889,5.751
-174.826,-47.635,5.881,5.744
-179.649,-48.933,5.873,5.738
-184.471,-50.231,5.865,5.732
-189.294,-51.529,5.857,5.726
-194.116,-52.827,5.849,5.719
-198.939,-54.125,5.841,5.713
-203.761,-55.423,5.833,5.707
-208.584,-56.721,5.826,5.701
-213.406,-58.019,5.818,5.694
-218.229,-59.317,5.810,5.688
-223.051,-60.615,5.802,5.682
-227.874,-61.912,5.794,5.676
-232.696,-63.210,5.786,5.669
-237.519,-64.508,5.778,5.663
-242.341,-65.806,5.770,5.657
-247.164,-67.104,5.762,5.651
-251.987,-68.402,5.754,5.644
-256.809,-69.699,5.746,5.638
-261.632,-70.997,5.738,5.632
-266.454,-72.295,5.730,5.626
-271.277,-73.592,5.722,5.619
-276.100,-74.890,5.715,5.613
-280.922,-76.187,5.707,5.607
-285.745,-77.485,5.699,5.601
-290.568,-78.782,5.691,5.594
-295.390,-80.079,5.683,5.588
-300.213,-81.376,5.675,5.582
-305.036,-82.674,5.667,5.576
-309.859,-83.971,5.659,5.569
-314.681,-85.268,5.651,5.563
-319.504,-86.565,5.643,5.557
-324.327,-87.862,5.635,5.551
-329.150,-89.159,5.627,5.544
-333.973,-90.455,5.619,5.538
-338.795,-91.752,5.611,5.532
-343.618,-93.049,5.604,5.525
-348.441,-94.345,5.596,5.519
-353.264,-95.642,5.588,5.513
-358.087,-96.939,5.580,5.507
-362.910,-98.236,5.572,5.500
-367.732,-99.533,5.564,5.494
-372.555,-100.831,5.556,5.488
-377.377,-102.130,5.548,5.482
-382.199,-103.430,5.540,5.475
-387.021,-104.730,5.532,5.469
-391.844,-106.028,5.524,5.463
-396.667,-107.322,5.516,5.457
-401.495,-108.601,5.508,5.450
-406.332,-109.844,5.500,5.444
-411.189,-111.006,5.493,5.438
-416.084,-111.993,5.485,5.432
-421.033,-112.652,5.477,5.425
-426.022,-112.754,5.469,5.427
-430.955,-112.029,5.532,6.131
-435.624,-110.289,6.383,6.838
-439.810,-107.582,6.002,6.835
-443.424,-104.143,5.848,6.062
-446.543,-100.246,6.133,5.602
-449.306,-96.087,6.052,5.563
-451.852,-91.791,5.884,5.623
-454.299,-87.437,5.716,5.684
-456.732,-83.076,5.595,5.651
-459.206,-78.738,5.529,5.513
-461.750,-74.440,5.455,5.410
-464.375,-70.192,5.351,5.422
-467.079,-65.993,5.271,5.411
-469.856,-61.842,5.241,5.350
-472.695,-57.734,5.316,5.349
-475.585,-53.660,5.656,5.499
-478.511,-49.614,5.739,5.513
-481.462,-45.585,5.677,5.452
-484.425,-41.564,5.616,5.391
-487.388,-37.544,5.546,5.386
-490.343,-33.517,5.465,5.458
-493.283,-29.481,5.383,5.529
-496.206,-25.431,5.301,5.600
-499.113,-21.370,5.220,5.672
-502.006,-17.300,5.138,5.743
-504.889,-13.222,5.056,5.814
-507.766,-9.139,4.974,5.886
-510.640,-5.055,5.247,5.587
-513.515,-0.972,5.521,5.287
-516.392,3.111,5.622,5.173
-519.272,7.191,5.605,5.186
-522.156,11.268,5.588,5.200
-525.043,15.343,5.572,5.213
-527.933,19.416,5.555,5.226
-530.827,23.486,5.538,5.240
-533.724,27.555,5.521,5.253
-536.623,31.621,5.505,5.266
-539.524,35.686,5.488,5.280
-542.427,39.750,5.471,5.293
-545.332,43.812,5.454,5.306
-548.238,47.874,5.437,5.320
-551.146,51.934,5.421,5.333
-554.053,55.994,5.404,5.346
-556.962,60.054,5.387,5.360
-559.870,64.114,5.370,5.373
-562.778,68.174,5.354,5.386
-565.686,72.235,5.337,5.400
-568.593,76.296,5.320,5.413
-571.499,80.357,5.303,5.426
-574.403,84.420,5.281,5.458
-577.305,88.485,5.256,5.495
-580.204,92.551,5.232,5.533
-583.099,96.621,5.207,5.570
-585.988,100.695,5.183,5.608
-588.866,104.776,5.158,5.645
-591.730,108.867,5.134,5.683
-594.573,112.973,5.109,5.720
-597.389,117.098,5.085,5.758
-600.168,121.247,5.060,5.795
-602.906,125.424,5.036,5.832
-605.596,129.632,5.012,5.859
-608.235,133.871,4.994,5.833
-610.824,138.142,4.976,5.806
-613.365,142.441,4.957,5.780
-615.864,146.765,4.939,5.754
-618.328,151.110,4.920,5.728
-620.762,155.470,4.902,5.701
-623.175,159.843,4.883,5.675
-625.572,164.224,4.865,5.649
-627.956,168.613,4.846,5.623
-630.330,173.006,4.828,5.596
-632.694,177.405,4.810,5.570
-635.050,181.809,4.791,5.544
-637.397,186.217,4.773,5.518
-639.734,190.631,4.754,5.491
-642.061,195.050,4.736,5.465
-644.376,199.475,4.740,5.447
-646.679,203.906,4.754,5.432
-648.969,208.345,4.769,5.417
-651.245,212.790,4.783,5.403
-653.508,217.242,4.797,5.388
-655.756,221.701,4.811,5.373
-657.990,226.168,4.825,5.358
-660.210,230.642,4.839,5.343
-662.416,235.122,4.853,5.328
-664.609,239.609,4.867,5.314
-666.790,244.102,4.881,5.299
-668.958,248.601,4.895,5.284
-671.116,253.105,4.909,5.269
-673.263,257.614,4.923,5.254
-675.401,262.127,4.937,5.239
-677.529,266.645,4.951,5.233
-679.650,271.167,4.965,5.231
-681.763,275.692,4.980,5.230
-683.869,280.220,4.994,5.228
-685.969,284.751,5.008,5.226
-688.064,289.284,5.022,5.225
-690.155,293.820,5.036,5.223
-692.241,298.357,5.050,5.221
-694.325,302.896,5.064,5.219
-696.406,307.436,5.078,5.218
-698.486,311.976,5.093,5.216
-700.565,316.517,5.107,5.214
-702.644,321.058,5.121,5.213
-704.723,325.599,5.135,5.211
-706.804,330.139,5.149,5.209
-708.886,334.678,5.163,5.208
-710.969,339.217,5.177,5.206
-713.054,343.755,5.191,5.204
-715.140,348.293,5.206,5.202
-717.225,352.831,5.220,5.201
-719.308,357.370,5.234,5.199
-721.389,361.910,5.248,5.197
-723.467,366.451,5.262,5.196
-725.543,370.993,5.276,5.194
-727.621,375.535,5.290,5.192
-729.708,380.072,5.305,5.191
-731.811,384.602,5.319,5.189
-733.941,389.119,5.333,5.187
-736.112,393.616,5.347,5.185
-738.337,398.088,5.351,5.204
-740.628,402.525,5.346,5.238
-743.000,406.920,5.351,5.277
-745.461,411.265,5.359,5.311
-748.014,415.557,5.360,5.306
-750.653,419.798,5.360,5.300
-753.361,423.993,5.364,5.402
-756.118,428.158,5.370,5.459
-758.900,432.305,5.377,5.467
-761.690,436.448,5.384,5.476
-764.477,440.591,5.391,5.484
-767.265,444.735,5.398,5.493
-770.063,448.872,5.406,5.501
-772.886,452.991,5.413,5.509
-775.751,457.082,5.421,5.512
-778.671,461.133,5.435,5.467
-781.656,465.138,5.450,5.422
-784.708,469.090,5.465,5.378
-787.827,472.990,5.498,5.328
-791.010,476.839,5.558,5.270
-794.250,480.639,5.617,5.213
-797.541,484.395,5.676,5.155
-800.876,488.113,5.689,5.143
-804.249,491.796,5.683,5.149
-807.652,495.451,5.677,5.156
-811.080,499.084,5.671,5.162
-814.526,502.698,5.665,5.169
-817.985,506.300,5.659,5.175
-821.453,509.894,5.653,5.182
-824.926,513.483,5.647,5.189
-828.402,517.069,5.641,5.195
-831.879,520.654,5.635,5.202
-835.356,524.238,5.630,5.208
-838.834,527.823,5.624,5.215
-842.311,531.408,5.618,5.221
-845.789,534.992,5.612,5.228
-849.267,538.576,5.606,5.234
-852.746,542.159,5.600,5.241
-856.226,545.741,5.594,5.248
-859.707,549.322,5.588,5.254
-863.189,552.902,5.582,5.261
-866.674,556.479,5.576,5.267
-870.160,560.055,5.570,5.274
-873.649,563.629,5.564,5.280
-877.140,567.199,5.558,5.287
-880.635,570.767,5.552,5.293
-884.134,574.331,5.546,5.300
-887.636,577.891,5.540,5.307
-891.142,581.447,5.535,5.313
-894.654,584.999,5.529,5.320
-898.170,588.545,5.524,5.327
-901.692,592.086,5.518,5.333
-905.219,595.622,5.512,5.340
-908.752,599.151,5.507,5.347
-912.291,602.676,5.501,5.354
-915.834,606.195,5.496,5.360
-919.380,609.712,5.490,5.367
-922.927,613.227,5.485,5.374
-926.471,616.746,5.479,5.380
-930.005,620.275,5.474,5.387
-933.521,623.822,5.467,5.394
-937.002,627.403,5.379,5.418
-940.419,631.045,5.291,5.441
-943.725,634.787,5.407,5.368
-946.840,638.690,5.521,5.306
-949.630,642.829,5.185,5.512
-951.877,647.284,5.099,5.561
-953.190,652.089,5.181,5.511
-952.951,657.045,5.305,5.435
-950.660,661.432,5.165,5.730
-946.774,664.527,5.530,5.549
-942.185,666.475,5.473,5.540
-937.354,667.730,5.473,5.479
-932.441,668.626,5.473,5.418
-927.502,669.360,5.439,5.431
-922.553,670.035,5.403,5.450
-917.603,670.692,5.367,5.468
-912.651,671.341,5.331,5.487
-907.696,671.970,5.295,5.506
-902.738,672.567,5.259,5.525
-897.774,673.115,5.222,5.544
-892.804,673.604,5.186,5.563
-887.828,674.028,5.198,5.560
-882.847,674.384,5.226,5.550
-877.861,674.674,5.254,5.539
-872.872,674.902,5.282,5.529
-867.881,675.073,5.310,5.519
-862.888,675.197,5.339,5.508
-857.895,675.279,5.324,5.538
-852.901,675.327,5.293,5.584
-847.907,675.349,5.262,5.629
-842.913,675.352,5.231,5.675
-837.918,675.343,5.294,5.617
-832.924,675.328,5.403,5.507
-827.930,675.312,5.513,5.397
-822.936,675.298,5.622,5.287
-817.942,675.289,5.731,5.178
-812.948,675.285,5.688,5.223
-807.954,675.286,5.589,5.325
-802.960,675.287,5.490,5.427
-797.965,675.284,5.391,5.529
-792.971,675.271,5.308,5.612
-787.977,675.238,5.294,5.616
-782.984,675.172,5.280,5.620
-777.991,675.061,5.265,5.624
-772.999,674.893,5.251,5.628
-768.011,674.657,5.284,5.596
-763.026,674.350,5.348,5.540
-758.046,673.978,5.413,5.483
-753.070,673.552,5.477,5.427
-748.097,673.090,5.510,5.389
-743.126,672.611,5.497,5.376
-738.156,672.127,5.484,5.364
-733.185,671.641,5.471,5.352
-728.216,671.144,5.457,5.340
-723.249,670.621,5.444,5.327
-718.288,670.052,5.431,5.315
-713.334,669.421,5.390,5.331
-708.389,668.717,5.336,5.352
-703.456,667.941,5.253,5.383
-698.533,667.100,5.242,5.399
-693.619,666.208,5.260,5.408
-688.712,665.280,5.278,5.418
-683.809,664.331,5.297,5.427
-678.908,663.369,5.315,5.437
-674.009,662.401,5.333,5.446
-669.110,661.430,5.352,5.456
-664.212,660.457,5.370,5.465
-659.313,659.484,5.389,5.475
-654.415,658.509,5.407,5.484
-649.517,657.535,5.425,5.494
-644.619,656.560,5.444,5.503
-639.721,655.584,5.462,5.513
-634.823,654.609,5.480,5.522
-629.925,653.634,5.499,5.532
-625.027,652.659,5.517,5.542
-620.129,651.684,5.535,5.551
-615.231,650.710,5.554,5.561
-610.332,649.737,5.572,5.570
-605.434,648.764,5.590,5.580
-600.535,647.792,5.609,5.589
-595.636,646.821,5.627,5.599
-590.737,645.851,5.645,5.608
-585.838,644.882,5.664,5.618
-580.938,643.914,5.682,5.627
-576.039,642.948,5.700,5.637
-571.139,641.984,5.719,5.646
-566.238,641.021,5.737,5.649
-561.337,640.060,5.757,5.643
-556.436,639.100,5.777,5.637
-551.535,638.143,5.796,5.631
-546.633,637.186,5.816,5.625
-541.731,636.231,5.835,5.619
-536.829,635.277,5.855,5.613
-531.927,634.324,5.875,5.607
-527.024,633.371,5.894,5.601
-522.122,632.419,5.914,5.595
-517.219,631.468,5.933,5.589
-512.316,630.516,5.953,5.583
-507.414,629.565,5.972,5.577
-502.511,628.614,5.992,5.571
-497.608,627.664,6.012,5.565
-492.705,626.715,6.031,5.559
-487.801,625.768,6.051,5.553
-482.897,624.826,6.070,5.547
-477.991,623.889,6.090,5.541
-473.084,622.961,6.109,5.535
-468.175,622.043,6.129,5.529
-463.264,621.138,6.149,5.523
-458.349,620.248,6.168,5.517
-453.432,619.377,6.188,5.511
-448.511,618.526,6.207,5.505
-443.586,617.699,6.227,5.499
-438.656,616.897,6.151,5.538
-433.723,616.122,6.046,5.591
-428.784,615.377,5.941,5.644
-423.842,614.663,5.837,5.697
-418.894,613.980,5.732,5.750
-413.943,613.329,5.628,5.803
-408.987,612.711,5.523,5.856
-404.027,612.126,5.419,5.909
-399.064,611.573,5.549,5.858
-394.097,611.051,5.829,5.742
-389.127,610.562,6.109,5.626
-384.154,610.104,6.389,5.510
-379.178,609.676,6.233,5.488
-374.200,609.278,6.066,5.469
-369.219,608.908,5.898,5.451
-364.237,608.565,5.731,5.432
-359.253,608.249,5.684,5.424
-354.267,607.956,5.667,5.418
-349.281,607.686,5.651,5.413
-344.293,607.435,5.634,5.408
-339.304,607.201,5.617,5.403
-334.315,606.982,5.600,5.398
-329.325,606.775,5.584,5.392
-324.335,606.578,5.567,5.387
-319.344,606.388,5.550,5.382
-314.354,606.202,5.534,5.377
-309.363,606.018,5.517,5.371
-304.372,605.833,5.500,5.366
-299.381,605.645,5.483,5.361
-294.391,605.454,5.467,5.356
-289.401,605.256,5.450,5.350
-284.411,605.052,5.433,5.345
-279.421,604.842,5.417,5.340
-274.432,604.626,5.400,5.335
-269.442,604.403,5.383,5.329
-264.454,604.176,5.367,5.324
-259.465,603.944,5.350,5.319
-254.476,603.708,5.341,5.314
-249.488,603.469,5.357,5.310
-244.499,603.228,5.373,5.306
-239.511,602.987,5.389,5.302
-234.523,602.745,5.405,5.298
-229.534,602.505,5.421,5.294
-224.546,602.269,5.438,5.290
-219.557,602.040,5.454,5.286
-214.568,601.818,5.470,5.282
-209.578,601.605,5.486,5.278
-204.589,601.393,5.502,5.274
-199.600,601.166,5.518,5.270
-194.613,600.890,5.534,5.266
-189.634,600.506,5.494,5.258
-184.674,599.928,5.403,5.246
-179.760,599.046,5.232,5.346
-174.946,597.726,4.884,5.694
-170.331,595.827,5.046,5.486
-166.079,593.221,5.271,5.237
-162.400,589.857,5.075,5.464
-159.545,585.773,4.973,5.470
-157.688,581.149,4.997,5.555
-156.882,576.230,5.081,5.450
-157.033,571.244,5.223,5.229
-157.958,566.341,5.375,5.242
-159.466,561.582,5.304,5.346
-161.397,556.978,5.113,5.498
-163.633,552.513,5.182,5.478
-166.092,548.167,5.284,5.468
-168.718,543.919,5.300,5.580
-171.471,539.753,5.398,5.491
-174.327,535.656,5.521,5.337
-177.266,531.618,5.527,5.316
-180.277,527.634,5.459,5.381
-183.355,523.701,5.409,5.442
-186.498,519.820,5.397,5.497
-189.709,515.995,5.386,5.552
-192.991,512.231,5.368,5.567
-196.349,508.534,5.347,5.566
-199.788,504.913,5.326,5.565
-203.313,501.375,5.334,5.547
-206.928,497.929,5.374,5.512
-210.635,494.584,5.344,5.555
-214.439,491.347,5.274,5.646
-218.337,488.227,5.228,5.707
-222.330,485.227,5.287,5.636
-226.413,482.352,5.347,5.565
-230.581,479.600,5.406,5.497
-234.826,476.969,5.453,5.463
-239.140,474.455,5.499,5.428
-243.517,472.050,5.546,5.394
-247.951,469.751,5.499,5.406
-252.436,467.555,5.435,5.426
-256.971,465.463,5.372,5.447
-261.554,463.480,5.254,5.546
-266.185,461.611,5.048,5.772
-270.865,459.868,5.014,5.794
-275.592,458.257,5.105,5.687
-280.365,456.787,5.297,5.521
-285.179,455.457,5.434,5.413
-290.028,454.265,5.544,5.334
-294.907,453.200,5.646,5.261
-299.810,452.249,5.584,5.345
-304.730,451.395,5.523,5.429
-309.665,450.623,5.536,5.430
-314.609,449.924,5.576,5.401
-319.564,449.295,5.538,5.440
-324.527,448.743,5.353,5.602
-329.500,448.284,5.169,5.764
-334.482,447.940,5.121,5.790
-339.472,447.733,5.168,5.720
-344.466,447.682,5.217,5.652
-349.458,447.796,5.304,5.595
-354.445,448.070,5.393,5.533
-359.421,448.486,5.549,5.299
-364.387,449.014,5.704,5.064
-369.345,449.616,5.744,4.988
-374.298,450.254,5.695,5.035
-379.251,450.895,5.645,5.081
-384.206,451.516,5.595,5.128
-389.166,452.107,5.546,5.174
-394.128,452.669,5.496,5.221
-399.092,453.216,5.446,5.267
-404.055,453.769,5.397,5.314
-409.016,454.351,5.347,5.360
-413.970,454.983,5.297,5.407
-418.915,455.677,5.248,5.453
-423.850,456.442,5.198,5.500
-428.775,457.274,5.194,5.506
-433.689,458.165,5.210,5.497
-438.594,459.101,5.226,5.487
-443.494,460.069,5.242,5.477
-448.390,461.055,5.258,5.467
-453.284,462.049,5.273,5.457
-458.178,463.044,5.289,5.447
-463.072,464.039,5.305,5.437
-467.966,465.033,5.321,5.427
-472.860,466.028,5.337,5.417
-477.754,467.023,5.352,5.407
-482.648,468.017,5.368,5.397
-487.543,469.007,5.384,5.387
-492.441,469.983,5.388,5.367
-497.344,470.935,5.380,5.337
-502.253,471.850,5.373,5.307
-507.173,472.711,5.366,5.277
-512.104,473.498,5.358,5.389
-517.050,474.188,5.407,5.505
-522.012,474.754,5.597,5.361
-526.989,475.166,5.787,5.217
-531.978,475.389,5.744,5.493
-536.972,475.387,5.591,5.785
-541.958,475.128,5.475,5.822
-546.922,474.583,5.619,5.515
-551.842,473.732,5.583,5.445
-556.697,472.565,5.537,5.383
-561.465,471.081,5.583,5.194
-566.125,469.288,5.618,5.021
-570.658,467.196,5.398,5.210
-575.049,464.818,5.505,5.143
-579.280,462.167,5.713,4.998
-583.335,459.253,5.624,5.098
-587.194,456.085,5.051,5.628
-590.838,452.670,5.110,5.471
-594.242,449.018,5.185,5.293
-597.385,445.138,5.458,5.025
-600.243,441.044,5.649,4.813
-602.799,436.754,5.518,4.794
-605.036,432.290,5.375,4.967
-606.947,427.677,5.286,5.143
-608.529,422.942,5.291,5.184
-609.782,418.108,5.301,5.271
-610.709,413.202,5.305,5.363
-611.314,408.245,5.296,5.424
-611.602,403.260,5.289,5.402
-611.575,398.267,5.284,5.333
-611.239,393.285,5.297,5.251
-610.597,388.333,5.296,5.215
-609.657,383.429,5.271,5.263
-608.431,378.589,5.379,5.185
-606.938,373.824,5.579,5.021
-605.206,369.140,5.567,5.108
-603.269,364.537,5.515,5.244
-601.167,360.007,5.507,5.247
-598.943,355.536,5.501,5.243
-596.636,351.107,5.495,5.240
-594.280,346.703,5.489,5.237
-591.900,342.312,5.483,5.234
-589.516,337.924,5.478,5.230
-587.133,333.535,5.472,5.227
-584.753,329.145,5.466,5.224
-582.371,324.755,5.460,5.220
-579.980,320.371,5.454,5.217
-577.574,315.994,5.448,5.214
-575.148,311.629,5.443,5.211
-572.700,307.276,5.437,5.207
-570.228,302.936,5.431,5.204
-567.737,298.608,5.422,5.205
-565.228,294.290,5.381,5.245
-562.708,289.978,5.340,5.286
-560.181,285.671,5.299,5.326
-557.653,281.364,5.258,5.367
-555.128,277.055,5.218,5.407
-552.612,272.741,5.177,5.448
-550.108,268.419,5.136,5.488
-547.619,264.090,5.095,5.529
-545.141,259.754,5.054,5.569
-542.668,255.415,5.013,5.610
-540.186,251.081,4.972,5.650
-537.676,246.763,4.932,5.691
-535.113,242.477,4.891,5.731
-532.467,238.242,5.072,5.545
-529.708,234.080,5.431,5.180
-526.808,230.014,5.789,4.814
-523.744,226.071,5.770,4.880
-520.497,222.277,5.660,5.051
-517.055,218.659,5.662,5.040
-513.413,215.243,5.701,4.966
-509.571,212.053,5.692,4.956
-505.535,209.114,5.492,5.189
-501.314,206.446,5.292,5.422
-496.923,204.070,5.301,5.416
-492.378,202.002,5.491,5.202
-487.699,200.260,5.681,4.988
-482.907,198.856,5.558,5.120
-478.026,197.803,5.388,5.305
-473.082,197.109,5.260,5.447
-468.100,196.776,5.579,5.150
-463.107,196.796,5.897,4.852
-458.126,197.154,5.866,4.896
-453.179,197.828,5.663,5.108
-448.280,198.795,5.465,5.314
-443.443,200.034,5.418,5.345
-438.680,201.534,5.371,5.376
-434.008,203.296,5.344,5.377
-429.447,205.329,5.386,5.278
-425.025,207.649,5.432,5.176
-420.772,210.265,5.688,4.936
-416.716,213.176,5.509,5.149
-412.872,216.363,5.074,5.627
-409.242,219.792,5.222,5.486
-405.811,223.420,5.388,5.316
-402.549,227.201,5.557,5.132
-399.413,231.088,5.573,5.066
-396.358,235.038,5.354,5.180
-393.331,239.011,5.261,5.288
-390.283,242.967,5.263,5.380
-387.170,246.872,5.102,5.427
-383.957,250.695,4.941,5.473
-380.619,254.410,5.141,5.321
-377.148,257.999,5.367,5.184
-373.546,261.459,5.502,5.156
-369.829,264.794,5.440,5.254
-366.018,268.021,5.081,5.543
-362.132,271.158,4.949,5.674
-358.186,274.219,5.024,5.661
-354.187,277.210,5.229,5.501
-350.132,280.126,5.488,5.277
-346.016,282.953,5.573,5.195
-341.828,285.674,5.632,5.135
-337.561,288.269,5.606,5.168
-333.211,290.721,5.509,5.278
-328.775,293.016,5.399,5.390
-324.259,295.147,5.245,5.510
-319.667,297.110,5.090,5.629
-315.008,298.908,4.971,5.727
-310.291,300.546,4.941,5.770
-305.522,302.029,4.912,5.813
-300.710,303.366,4.961,5.785
-295.862,304.565,5.138,5.639
-290.984,305.634,5.315,5.494
-286.081,306.582,5.492,5.349
-281.157,307.418,5.518,5.335
-276.217,308.151,5.392,5.453
-271.265,308.791,5.266,5.570
-266.302,309.349,5.203,5.622
-261.331,309.834,5.382,5.423
-256.355,310.259,5.560,5.224
-251.375,310.634,5.739,5.026
-246.392,310.970,5.618,5.144
-241.408,311.277,5.414,5.351
-236.422,311.563,5.210,5.558
-231.435,311.833,5.037,5.734
-226.448,312.093,5.058,5.719
-221.460,312.344,5.079,5.703
-216.472,312.588,5.100,5.688
-211.483,312.825,5.121,5.672
-206.494,313.054,5.141,5.657
-201.505,313.272,5.162,5.641
-196.515,313.476,5.183,5.626
-191.524,313.662,5.204,5.611
-186.533,313.825,5.225,5.595
-181.540,313.960,5.246,5.580
-176.547,314.062,5.267,5.564
-171.554,314.132,5.287,5.549
-166.560,314.167,5.308,5.534
-161.566,314.171,5.321,5.522
-156.571,314.148,5.334,5.510
-151.577,314.106,5.347,5.499
-146.584,314.050,5.360,5.487
-141.590,313.989,5.374,5.475
-136.596,313.929,5.387,5.464
-131.602,313.873,5.400,5.452
-126.608,313.827,5.413,5.440
-121.614,313.791,5.427,5.429
-116.620,313.767,5.440,5.417
-111.626,313.754,5.453,5.405
-106.632,313.754,5.465,5.382
-101.638,313.764,5.476,5.354
-96.644,313.786,5.488,5.327
-91.650,313.817,5.499,5.299
-86.656,313.859,5.510,5.272
-81.662,313.909,5.522,5.244
-76.668,313.969,5.533,5.216
-71.674,314.036,5.538,5.203
-66.681,314.111,5.530,5.215
-61.687,314.193,5.523,5.226
-56.694,314.282,5.515,5.238
-51.701,314.376,5.507,5.250
-46.708,314.476,5.500,5.262
-41.715,314.581,5.492,5.274
-36.722,314.691,5.485,5.286
-31.729,314.804,5.477,5.298
-26.736,314.921,5.469,5.310
-21.743,315.040,5.462,5.322
-16.751,315.162,5.454,5.334
-11.758,315.286,5.447,5.346
-6.766,315.411,5.439,5.358
-1.773,315.537,5.431,5.370
3.220,315.664,5.424,5.382
8.212,315.791,5.416,5.394
13.205,315.918,5.408,5.406
18.197,316.045,5.401,5.418
23.190,316.172,5.393,5.430
28.182,316.299,5.395,5.425
33.175,316.425,5.398,5.419
38.167,316.551,5.401,5.413
43.160,316.676,5.404,5.407
48.152,316.801,5.406,5.401
53.145,316.924,5.409,5.395
58.138,317.046,5.412,5.389
63.130,317.167,5.414,5.383
68.123,317.287,5.417,5.377
73.116,317.406,5.420,5.371
78.109,317.523,5.422,5.365
83.101,317.638,5.425,5.359
88.094,317.752,5.428,5.353
93.087,317.863,5.430,5.347
98.080,317.973,5.433,5.342
103.073,318.080,5.436,5.336
108.066,318.186,5.438,5.330
113.059,318.289,5.441,5.324
118.052,318.390,5.444,5.318
123.045,318.489,5.447,5.312
128.039,318.588,5.449,5.306
133.032,318.688,5.452,5.300
138.025,318.793,5.455,5.294
143.018,318.905,5.457,5.288
148.010,319.028,5.460,5.282
153.002,319.166,5.463,5.276
157.994,319.318,5.465,5.270
162.986,319.479,5.468,5.264
167.977,319.638,5.471,5.258
172.970,319.773,5.473,5.252
177.963,319.854,5.476,5.246
182.957,319.844,5.479,5.240
187.949,319.702,5.481,5.234
192.933,319.383,5.275,5.276
197.897,318.846,4.770,5.385
202.828,318.056,4.870,5.764
207.705,316.982,5.107,5.644
212.504,315.605,5.184,5.620
217.200,313.909,5.278,5.390
221.765,311.884,5.415,4.869
226.167,309.529,5.394,4.994
230.378,306.846,5.299,5.415
234.366,303.843,5.194,5.745
238.107,300.536,5.058,5.831
241.577,296.946,4.923,5.918
244.761,293.101,4.831,5.965
247.651,289.029,4.987,5.785
250.246,284.763,5.126,5.618
252.558,280.337,5.100,5.569
254.612,275.786,5.798,5.237
256.444,271.140,5.818,5.269
258.098,266.428,5.748,5.347
259.622,261.672,5.677,5.425
261.065,256.891,5.677,5.425
262.466,252.097,5.606,5.503
263.857,247.301,5.536,5.580
265.258,242.507,5.465,5.658
266.677,237.719,5.394,5.736
268.116,232.937,5.324,5.814
269.568,228.158,5.321,5.786
271.025,223.381,5.320,5.755
272.479,218.604,5.318,5.724
273.925,213.823,5.317,5.693
275.357,209.039,5.316,5.662
276.776,204.251,5.315,5.632
278.181,199.458,5.314,5.601
279.576,194.663,5.313,5.570
280.963,189.865,5.312,5.539
282.345,185.066,5.310,5.508
283.727,180.267,5.309,5.478
285.113,175.469,5.308,5.447
286.505,170.673,5.307,5.416
287.904,165.879,5.306,5.385
289.312,161.087,5.305,5.354
290.721,156.296,5.304,5.323
292.115,151.500,5.302,5.293
293.461,146.691,5.301,5.262
294.701,141.853,5.315,5.228
295.740,136.969,5.331,5.193
296.440,132.026,5.347,5.158
296.629,127.038,4.979,5.338
296.131,122.074,5.026,5.548
294.834,117.258,5.179,5.491
292.751,112.725,5.603,5.055
290.015,108.552,5.663,5.036
286.791,104.741,5.261,5.420
283.224,101.247,4.985,5.677
279.428,98.003,5.039,5.803
275.478,94.948,5.329,5.637
271.422,92.034,5.627,5.462
267.292,89.227,5.863,5.360
263.107,86.502,5.789,5.625
258.876,83.849,5.714,5.891
254.606,81.259,5.791,6.021
250.299,78.730,5.919,6.107
245.960,76.257,6.047,6.192
241.592,73.837,6.175,6.277
237.197,71.464,6.246,6.425
232.780,69.134,6.307,6.583
228.343,66.843,6.368,6.741
223.883,64.594,6.484,6.775
219.399,62.396,6.688,6.614
214.883,60.265,6.891,6.452
210.325,58.222,6.978,6.509
205.720,56.290,6.982,6.724
201.065,54.483,6.608,6.898
196.362,52.802,6.221,7.069
191.619,51.238,6.175,6.923
186.846,49.769,6.298,6.619
182.052,48.371,6.421,6.314
177.243,47.023,6.460,6.201
172.425,45.707,6.452,6.195
167.603,44.409,6.444,6.188
162.777,43.123,6.436,6.182
157.950,41.841,6.428,6.176
153.123,40.562,6.420,6.170
148.296,39.281,6.412,6.163
143.469,37.999,6.404,6.157
138.643,36.713,6.396,6.151
133.818,35.425,6.389,6.145
128.994,34.134,6.381,6.138
124.170,32.840,6.373,6.132
119.347,31.545,6.365,6.126
114.524,30.247,6.357,6.120
109.702,28.947,6.349,6.113
104.880,27.647,6.341,6.107
100.059,26.346,6.333,6.101
95.237,25.044,6.325,6.095
90.416,23.742,6.317,6.088
85.594,22.441,6.309,6.082
80.772,21.139,6.301,6.076
75.951,19.838,6.293,6.070
71.129,18.538,6.285,6.063
66.307,17.237,6.278,6.057
61.485,15.937,6.270,6.051
56.663,14.638,6.262,6.045
51.841,13.339,6.254,6.038
47.018,12.040,6.246,6.032
42.196,10.741,6.238,6.026
37.374,9.443,6.230,6.020
32.551,8.145,6.222,6.013
27.728,6.848,6.214,6.007
22.906,5.550,6.206,6.001
18.083,4.253,6.198,5.995
13.260,2.956,6.190,5.988
8.437,1.659,6.182,5.982
3.615,0.362,6.174,5.976
